dt\dx, 0.0, 0.15707949999999998, 0.31415899999999997, 0.47123849999999995, 0.6283179999999999, 0.7853975, 0.9424769999999999, 1.0995564999999998, 1.2566359999999999, 1.4137155, 1.570795, 1.7278744999999998, 1.8849539999999998, 2.0420334999999996, 2.1991129999999997, 2.3561924999999997, 2.5132719999999997, 2.6703514999999998, 2.827431, 2.9845105, 3.14159, 3.2986694999999995, 3.4557489999999995, 3.6128284999999996, 3.7699079999999996, 3.9269874999999996, 4.084066999999999, 4.241146499999999, 4.398225999999999, 4.555305499999999, 4.712384999999999, 4.869464499999999, 5.0265439999999995, 5.1836234999999995, 5.3407029999999995, 5.4977825, 5.654862, 5.8119415, 5.969021, 6.1261005, 6.28318, 
0.0, 0.0, 0.1564343339942445, 0.30901674200355006, 0.45399014508463803, 0.5877848229325425, 0.7071063120935576, 0.8090165264524072, 0.8910061025413888, 0.9510561882928809, 0.9876881537936286, 0.9999999999991198, 0.9876885689061807, 0.9510570082965535, 0.8910073072450042, 0.8090180861922142, 0.7071081884636503, 0.58778696973054, 0.4539925094493377, 0.3090192657165443, 0.15643695491344847, 2.65358979335273E-6, -0.15643171307393866, -0.30901421828837966, -0.4539877807167415, -0.5877826761304061, -0.7071044357184857, -0.8090149667069033, -0.8910048978314993, -0.9510553682825114, -0.9876877386741217, -0.9999999999920782, -0.987688984011778, -0.9510578282935293, -0.8910085119423454, -0.8090196459263244, -0.7071100648287638, -0.5877891165243982, -0.4539948738108404, -0.3090217894273625, -0.15643957583155085, -5.307179586686775E-6, 
0.0314159, -0.031410732555324214, 0.1251474671953956, 0.27850026040168896, 0.42499546446842046, 0.5610258873629617, 0.6832420142613546, 0.7886344835806373, 0.8746081873235925, 0.9390461711425825, 0.980361760693479, 0.9975376307580216, 0.9901508551247685, 0.958383320418479, 0.9030172474553141, 0.8254159304027722, 0.7274901680093631, 0.6116512134771621, 0.48075140150557816, 0.33801391446310297, 0.18695341707406765, 0.03128951385452438, -0.12514483974119225, -0.27849771724549144, -0.42499306823106914, -0.5610236970476732, -0.6832400838008698, -0.7886328605092198, -0.8746069116065801, -0.939045274192309, -0.9803612645957996, -0.9975375477284869, -0.990151187207838, -0.958384059437179, -0.9030183752125822, -0.8254174191295286, -0.727491981048276, -0.6116533061852714, -0.48075372235355196, -0.3380164063040581, -0.1869560185507132, -0.03129216090997952, 
0.0628318, -0.06279046656224248, 0.09383582724525164, 0.2478297017604303, 0.3956964236550742, 0.5338198027840534, 0.658798788881676, 0.7675559897167807, 0.8574134465750014, 0.9261585743787845, 0.9720986427832997, 0.9941024567451131, 0.9916282102514191, 0.9647368273597369, 0.9140904620479471, 0.8409361938132806, 0.7470753204880449, 0.6348190043836023, 0.5069313638998949, 0.366561411871598, 0.21716551655187472, 0.062422294498433034, -0.09385796902204893, -0.2478271417446316, -0.3956939980339536, -0.5338175712843524, -0.6587968064502304, -0.7675543051675497, -0.857412101387108, -0.9261576016751633, -0.9720980665151016, -0.9941022911019495, -0.9916284593119677, -0.9647374849913107, -0.9140915120575016, -0.8409376103461393, -0.7470770686645265, -0.6348210411578723, -0.5069336391198959, -0.36656386951395686, -0.21716809610138219, -0.06242493243812626, 
0.09424769999999999, -0.09410823406412197, 0.0625105684837528, 0.21703092685739456, 0.3661230792761454, 0.5061951269582575, 0.6338029916621515, 0.7458045495497598, 0.8394419552033573, 0.9124095488180278, 0.9629106291023967, 0.9897016939527504, 0.9921230595501579, 0.9701151039380733, 0.9242197351103051, 0.8555670474602138, 0.765847495153092, 0.6572702676044908, 0.5325088919966364, 0.3946354022772574, 0.24704469561581938, 0.09337093890912138, -0.06260191631795253, -0.21703330720011507, -0.3661206267760892, -0.5061928566342726, -0.6338009594170548, -0.7458028054240858, -0.8394405421431963, -0.9124085016175522, -0.9629099735471139, -0.9897014461845799, -0.9921232256699641, -0.9701156798554421, -0.9242207066442635, -0.8555683906884118, -0.7658491770008491, -0.6572722466592031, -0.5325111195274912, -0.39463782343514464, -0.2470472507838971, -0.09337356517077744, 
0.1256636, -0.12533312825768572, 0.031186807974177846, 0.1861268551826662, 0.33630464879239524, 0.4781807174218351, 0.6082814187213726, 0.7234042379722382, 0.8207144740726378, 0.8978160300950937, 0.9528104130455229, 0.9843434809826797, 0.9916387864306764, 0.9745166950604902, 0.9333988088758587, 0.8692975849902321, 0.7837914056145164, 0.6789857131142111, 0.5574611671182073, 0.4222101002211332, 0.27656283694810696, 0.12410569025046098, -0.031407345272537746, -0.18614702902368258, -0.33630316286089434, -0.47817841066263594, -0.6082793388604983, -0.7234024362226796, -0.8207129947993742, -0.897814909722681, -0.9528096791612016, -0.9843431516570867, -0.9916388697728873, -0.9745171890183465, -0.9333997012864992, -0.8692988538795822, -0.7837930197383617, -0.6789876327275324, -0.5574633449538335, -0.42221248265361394, -0.2765653653141466, -0.12410830229340138, 
0.15707949999999998, -0.1564343339942445, -1.1717927219486585E-4, 0.15513884574096853, 0.30626909007044945, 0.44980550369594713, 0.5822612784614651, 0.700379674122065, 0.8012524268525578, 0.8823957188906025, 0.9418115364554371, 0.9780368673952483, 0.990179725341077, 0.9779411133345275, 0.941622386112785, 0.8821178297673574, 0.8008926414896596, 0.6999468516142722, 0.5817660763174081, 0.449260313600548, 0.3056922896027122, 0.15459711958999017, -3.0473816793799915E-4, -0.1551990922734536, -0.306271936093452, -0.44980336110228764, -0.5822591532209258, -0.7003778167502434, -0.8012508830840352, -0.8823945267380197, -0.9418107252734975, -0.9780364571579098, -0.9901797261497272, -0.9779415251692547, -0.9416231988328686, -0.8821190233609656, -0.8008941865666058, -0.6999487101296983, -0.5817682025085733, -0.44926265511365787, -0.3056947887820401, -0.15459971489755042, 
0.18849539999999998, -0.18738115819047688, -0.03138061021660479, 0.12408764073833585, 0.27604304120455325, 0.4210982209708476, 0.5557701235083615, 0.6767559949899451, 0.7810778763064593, 0.8661670604829936, 0.9299283729424702, 0.970791801207286, 0.9877511537519112, 0.9803888357358373, 0.9488861315571335, 0.894018741036443, 0.8171376791451991, 0.7201360095893496, 0.6054022313767808, 0.47576146614392, 0.33440589440227936, 0.1848161535925346, 0.030675633383647635, -0.12422022145235048, -0.2760573673294523, -0.4210970761005205, -0.5557679947971982, -0.6767540840443799, -0.7810762698172768, -0.8661657980072228, -0.9299274855664019, -0.9707913107810273, -0.9877510723513637, -0.9803891653653491, -0.9488868641001458, -0.8940198584553462, -0.8171391539254778, -0.7201378054170798, -0.6054043040327983, -0.47576376459264097, -0.33440836204836366, -0.18481872967444835, 
0.21991129999999998, -0.21814306011874568, -0.0625807198113792, 0.09299399054734772, 0.24565196111130977, 0.3920871850175887, 0.5288357430008588, 0.6525588206936284, 0.7602135000431565, 0.8491492236476867, 0.9171761104505749, 0.9626191155543229, 0.9843592832429862, 0.9818612993390521, 0.9551866723928742, 0.904992219140581, 0.8325138915234479, 0.7395363435005196, 0.6283489870192946, 0.5016896191904922, 0.3626770087506075, 0.21473410175448354, 0.06150373742542503, -0.09324105048515086, -0.24568993815403192, -0.3920891343463069, -0.5288338110578626, -0.6525568661949436, -0.7602118326626974, -0.8491478923692336, -0.9171751480545661, -0.9626185457381022, -0.9843591200372964, -0.9818615467625521, -0.9551873243531864, -0.9049932595843061, -0.8325152948314515, -0.7395380751187595, -0.6283510043096546, -0.5016918724806725, -0.3626794425572191, -0.2147366561492314, 
0.2513272, -0.24868968154705792, -0.09369318787285251, 0.06187904847560233, 0.21512036699851736, 0.36280014023633295, 0.5014860314042048, 0.6278142051550745, 0.7386825641732508, 0.8313620789267807, 0.9035707330899972, 0.9535305145335733, 0.9800112497052536, 0.9823608961198389, 0.9605215977821098, 0.9150311097910396, 0.8470095570468745, 0.7581318531051052, 0.6505864583155396, 0.5270214927562527, 0.39047953083858444, 0.24432268315370834, 0.09214981029123673, -0.06229209290303568, -0.2152001606202557, -0.36280929510785187, -0.5014848757155514, -0.6278122551675274, -0.7386808393691466, -0.8313606804279263, -0.9035696969174997, -0.953529866201395, -0.9800110051774575, -0.982361061417501, -0.9605221688350596, -0.9150320725380822, -0.8470108877820224, -0.7581335190612979, -0.6505884184714756, -0.5270236988464689, -0.3904819285419098, -0.24432521343082894, 
0.28274309999999997, -0.2789908766989242, -0.1246924866076936, 0.030764601205911356, 0.18447210329393435, 0.3332641855887698, 0.4737488531706304, 0.6025485704049005, 0.7165088923696156, 0.8128261759760748, 0.8891290022573539, 0.9435385582448581, 0.9747151026709175, 0.9818909668369218, 0.9648894574496556, 0.9241292073892536, 0.8606138675957076, 0.7759073938934591, 0.6720955372734527, 0.55173448586811, 0.4177879232221181, 0.27355405269068356, 0.12258438486373105, -0.03140371226418119, -0.1846185470768117, -0.3332874682103326, -0.47374975959401155, -0.6025467792771322, -0.7165071225288228, -0.8128247122161704, -0.889127893619585, -0.943537832344616, -0.974714777382245, -0.9818910501694923, -0.9648899473515479, -0.9241300917974776, -0.8606151247332343, -0.7759089928054428, -0.67209743858944, -0.5517366427714703, -0.4177902826028216, -0.2735565564530451, 
0.31415899999999997, -0.30901674200355006, -0.1555521646259397, -3.2681635680963453E-4, 0.15373060287632975, 0.3035057691298027, 0.4456519196542583, 0.5767886269580464, 0.6937168279766726, 0.793562719254783, 0.8738684370010981, 0.9326566470473573, 0.9684797937857057, 0.980455794003721, 0.9682897593271088, 0.932281257401334, 0.8733169355544168, 0.7928486886339088, 0.692857908597454, 0.5758066961491786, 0.44457723575131647, 0.30240082679697045, 0.15277831842912154, -6.06092838598745E-4, -0.15397558011428558, -0.3035536839836284, -0.44565730131727577, -0.5767873753405081, -0.6937150538784846, -0.7935611942787009, -0.873867257338902, -0.9326558445996098, -0.9684793883747191, -0.9804557956120429, -0.9682901679151368, -0.9322820629082916, -0.873318118146083, -0.7928502191910011, -0.6928597494326406, -0.5758088019350642, -0.4445795546365513, -0.3024033016830004, 
0.34557489999999996, -0.33873764560700037, -0.1862450801014618, -0.03137188601063565, 0.12291911902970187, 0.2735507358791081, 0.4172226895493672, 0.5505612854972888, 0.6703311877729473, 0.7735935409991609, 0.857807293451835, 0.9208990050381054, 0.961315164438036, 0.9780605939601179, 0.9707229662624313, 0.939482957786489, 0.8851097999238002, 0.8089423380180104, 0.7128560646047449, 0.5992169386388336, 0.47082312783088887, 0.33083610858783963, 0.18270282010269132, 0.030070789414945315, -0.12330168265914822, -0.27363806320975986, -0.4172365778505463, -0.5505613605358616, -0.6703295181708894, -0.7735919661986577, -0.8578060447268618, -0.9208981271474682, -0.9613146796196973, -0.9780605141645782, -0.970723293454518, -0.9394836839096606, -0.8851109070985247, -0.8089437989820174, -0.7128578433843127, -0.5992189914345795, -0.4708254040962539, -0.33083855227371056, 
0.37699079999999996, -0.3681242566152121, -0.2167435932025695, -0.062346524828800876, 0.09206091802163437, 0.24342441250922686, 0.3884882988153154, 0.5238935663077045, 0.6463772073178156, 0.7529410703539182, 0.8409645429613002, 0.9082806627208513, 0.9532319325580498, 0.9747115080557015, 0.9721904918019686, 0.9457309594816775, 0.895984431496338, 0.8241758303991684, 0.732073319287398, 0.6219447638320159, 0.4965018899924778, 0.35883351243644945, 0.21232947779972097, 0.060597195552494515, -0.0926271882443295, -0.24357078709963753, -0.388516874922389, -0.5238964039987986, -0.6463758866438838, -0.752939476593104, -0.840963229021221, -0.9082797106633469, -0.9532313691252515, -0.974711347255602, -0.9721907375965301, -0.9457316058186321, -0.8959854624607518, -0.8241772206053188, -0.7320750345038536, -0.6219467618245261, -0.496504121563919, -0.35883592263821923, 
0.40840669999999996, -0.39714757403999695, -0.24701972588509802, -0.0932259385035546, 0.06117942945154732, 0.21315171361170837, 0.3594755215540977, 0.4968125128092266, 0.6218804791157934, 0.7316282977466977, 0.8233598484398238, 0.894817438768941, 0.9442416785906101, 0.9704155929561712, 0.9726946950527152, 0.9510228659457357, 0.9059337370934059, 0.8385375506186024, 0.7504938215097521, 0.6439704749230923, 0.5215904647603854, 0.3863671879476551, 0.24163028472706666, 0.09094365200193981, -0.06198231148496469, -0.21338206732857593, -0.3595276573578387, -0.49682049818351665, -0.6218799901148667, -0.73162675860326, -0.8233584785355976, -0.8948164143349218, -0.9442410374328706, -0.970415351629532, -0.9726948595283444, -0.9510234321742117, -0.9059346911323279, -0.8385388689764054, -0.7504954717241467, -0.6439724163603916, -0.5215926496160405, -0.3863695624233592, 
0.43982259999999995, -0.42577895541946686, -0.2770452955160778, -0.12398469597986328, 0.03029835586052694, 0.18275725677967616, 0.3302107599656198, 0.4693451145582008, 0.59686688585448, 0.7096787340205168, 0.8050135383011986, 0.8805259207031176, 0.9343568306262763, 0.965180810083059, 0.9722388746334064, 0.9553572317671316, 0.9149515628638718, 0.8520167879135631, 0.7681025673315222, 0.6652751442404243, 0.5460664667929268, 0.4134118433102012, 0.27057766537118433, 0.12108097854696517, -0.03139711878758379, -0.18310211615985367, -0.33029853935198616, -0.46936193001838106, -0.5968680917285967, -0.7096774049055813, -0.8050121345491301, -0.880524827175057, -0.9343561128132808, -0.9651804887901997, -0.972238957948582, -0.9553577176450383, -0.9149524393407047, -0.8520180334075899, -0.7681041511745984, -0.6652770274331427, -0.5460686029649107, -0.41341417986189544, 
0.47123849999999995, -0.45399014508463803, -0.3067920274967556, -0.1545968158871062, -5.582545075511029E-4, 0.15226547659584633, 0.3007200593284311, 0.4415182436396846, 0.5713625315952242, 0.6871163643873095, 0.7859465774450622, 0.8654234442227339, 0.9235906486416445, 0.9590160141917025, 0.9708272617233369, 0.9587335603403866, 0.9230326966445238, 0.8646037429036249, 0.7848854114479303, 0.6858406288586439, 0.5699082022824263, 0.4399427680067463, 0.2991445009589877, 0.150980315911809, -9.014993206739944E-4, -0.15276111668539968, -0.3008592547135597, -0.4415492518851021, -0.5713668593865535, -0.6871155422701843, -0.7859451886204204, -0.8654222886498716, -0.923589855685636, -0.9590156135948159, -0.9708272641169055, -0.958733965705747, -0.9230334950015714, -0.8646049145942128, -0.7848869276211967, -0.6858424521814338, -0.569910287858557, -0.4399450644824985, 
0.5026544, -0.4817533020443179, -0.3362316510143321, -0.18503585820903606, -0.031365966783462124, 0.12170073037516685, 0.27102914278191415, 0.4133586067774339, 0.5453936740041163, 0.6639655978288924, 0.7661805348335117, 0.8495280708671995, 0.9119572077578624, 0.9519309410816909, 0.96846501221701, 0.9611523006169767, 0.9301728693836964, 0.8762895336518046, 0.8008290777390692, 0.7056495853765012, 0.5930946875976698, 0.4659358548618823, 0.32730415436853944, 0.18061315292124475, 0.029474863725822604, -0.12238919321245455, -0.2712396271079277, -0.4134112524507936, -0.5454033378862633, -0.6639658056934582, -0.7661792593503732, -0.8495268686439813, -0.9119563422784831, -0.9519304620129799, -0.9684649340124876, -0.9611526253879786, -0.9301735891424066, -0.8762906306756846, -0.8008305250158, -0.7056513472693864, -0.5930967207231324, -0.46593810915771017, 
0.5340703, -0.5090410274607557, -0.3653359812203293, -0.21527501677009528, -0.06209994506857691, 0.09108739094344105, 0.24116346030056468, 0.38489271397832997, 0.5189866605587798, 0.6402512130639372, 0.7457375474325878, 0.832858563660462, 0.8994713803797298, 0.9439361944169251, 0.9651581979899462, 0.9626148429369833, 0.9363687556303524, 0.887066200798183, 0.8159211689216163, 0.7246854838490149, 0.6156056671534361, 0.49136762140903983, 0.355030494467208, 0.20995135321070368, 0.05970252156490703, -0.09201638182479911, -0.24146954032883308, -0.3849769273822204, -0.5190049207991694, -0.6402533121320192, -0.7457365686189902, -0.8328573467852597, -0.8994704475515828, -0.9439356380660806, -0.9651580396125861, -0.9626150871128805, -0.936369396391521, -0.887067222369029, -0.8159225461477769, -0.7246871828186691, -0.6156076460323832, -0.4913698314707946, 
0.5654861999999999, -0.5358263916889417, -0.3940769904684146, -0.24528720966014209, -0.09273495940888059, 0.060449923741037456, 0.21114824642913996, 0.3561468632427769, 0.49216787124268985, 0.6159983025629057, 0.7246402805588577, 0.8154343604148871, 0.8861488170358762, 0.9350432316094861, 0.960913797275342, 0.9631235139475759, 0.9416179730916786, 0.8969267117646169, 0.8301501752969296, 0.7429326208635352, 0.6374216304925518, 0.5162152305579191, 0.3822979198555744, 0.23896718146200455, 0.08975228789406636, -0.06167260114685788, -0.21157890862802628, -0.3562754499715429, -0.4921993221157796, -0.6160036338654492, -0.7246399173215959, -0.8154331911520057, -0.8861478273983182, -0.9350425999631811, -0.9609135593032849, -0.9631236776128216, -0.9416185345357928, -0.8969276571735274, -0.8301514813920273, -0.7429342554844907, -0.6374235533896403, -0.5162173943831123, 
0.5969020999999999, -0.5620829608528708, -0.42242687071252005, -0.2750451658217966, -0.1232454094591329, 0.029812947111053846, 0.18100858189151944, 0.3271471398800495, 0.46496366964270724, 0.5912322162988625, 0.7029118849596673, 0.7972755444436812, 0.8720059257116785, 0.9252643486947641, 0.9557396841421708, 0.9626815706131291, 0.9459190812628581, 0.9058649640300293, 0.8435054825904671, 0.760376131750214, 0.6585238285667485, 0.5404565105448457, 0.4090813819960433, 0.2676333291407185, 0.119595266607654, -0.03138762333867303, -0.1815976471317926, -0.3273361417028396, -0.4650145476869323, -0.5912427715155153, -0.7029126606303666, -0.7972745363859238, -0.8720049001490557, -0.9252636454502084, -0.9557393674352641, -0.9626816539509142, -0.9459195631511985, -0.9058658326459805, -0.8435067165483273, -0.760377700665998, -0.6585256938086104, -0.5404586261844179, 
0.6283179999999999, -0.5877848229325425, -0.4503580887405902, -0.3045215067999413, -0.15360536073166564, -7.987242029835022E-4, 0.15076945493542632, 0.2979194282823435, 0.4374003636901757, 0.5659785069676314, 0.6805759512275064, 0.7784028125468784, 0.857059849458079, 0.914612664098147, 0.9496446170526894, 0.9612931933189375, 0.9492715791329123, 0.913875787476595, 0.8559773788783795, 0.7770020019182646, 0.6788942892034416, 0.5640699741492262, 0.4353564077058038, 0.29592293971178346, 0.1492028791142669, -0.0011910453494076226, -0.15155564237316868, -0.2981884427886302, -0.43747886649011375, -0.5659971267497987, -0.6805786828073963, -0.7784021612348124, -0.8570588273964294, -0.9146118963899779, -0.949644223038253, -0.9612931966477842, -0.9492719813111417, -0.9138765787470241, -0.855978539767858, -0.7770035038424639, -0.6788960951800879, -0.5640720397092563, 
0.6597339, -0.6129066133359534, -0.4778434355789807, -0.3336888231880711, -0.18378858994532077, -0.031360051508719934, 0.12045581910774436, 0.26848943361296007, 0.40950417660860927, 0.5402628783121403, 0.6576564623755313, 0.7588374402830039, 0.8413284420758389, 0.9031021011701335, 0.942638226461781, 0.9589634780656878, 0.9516759019701173, 0.9209549458078585, 0.8675570605980226, 0.7927970773102876, 0.6985158317464062, 0.5870348371600693, 0.4610991209944883, 0.32380963331058754, 0.1785468912337702, 0.028887739543327285, -0.12148272296841647, -0.2688618827055379, -0.40962078174981703, -0.5402934746978617, -0.6576623715958768, -0.7588374655493292, -0.841327494164106, -0.9031012825912682, -0.942637757708598, -0.958963401925878, -0.9516762243784702, -0.9209556592598476, -0.8675581475636912, -0.7927985110275427, -0.6985175769125631, -0.5870368508034226, 
0.6911497999999999, -0.6374235399308442, -0.5048560711303752, -0.362519745666253, -0.21376863659387083, -0.0618457591960401, 0.0900926449844515, 0.2388827107119169, 0.3813012280094794, 0.514111137971434, 0.6341777455628531, 0.7386012447015095, 0.8248302417172719, 0.8907473693512745, 0.9347310014034514, 0.9556984277449064, 0.9531334171892314, 0.9270991370403103, 0.8782366376399898, 0.8077490739678346, 0.7173720808591825, 0.6093310360773367, 0.4862862642276045, 0.35126753084736767, 0.2075994396491337, 0.05881956988141587, -0.09140863046606772, -0.23938605075811362, -0.3814690019409612, -0.5141589361082528, -0.6341885922162738, -0.7386024467586387, -0.8248294884411507, -0.8907465249058357, -0.934730462685132, -0.9556982730824221, -0.9531336598879517, -0.9270997722835721, -0.8782376499029225, -0.8077504383347724, -0.7173737637355591, -0.6093329960252507, 
0.7225656999999999, -0.6613114075115006, -0.531369564890469, -0.39098701075907744, -0.24351885840834725, -0.09223033467560625, 0.05970496414835319, 0.20912469756642382, 0.3528175245499669, 0.48754915597904314, 0.6101644240445693, 0.7177165448737782, 0.8075844423141194, 0.877563943824474, 0.9259342749930161, 0.9515049424766154, 0.9536464193003664, 0.9323059930700945, 0.888009137520054, 0.8218465867022656, 0.7354474794809129, 0.6309392450337059, 0.5108952185975509, 0.37827127752341505, 0.23633305788878048, 0.08857554383495944, -0.061362990396571004, -0.20979056669970442, -0.3530524117043917, -0.4876209492747945, -0.6101826609946696, -0.7177196758501657, -0.8075840801046483, -0.8775631176128987, -0.9259336751292728, -0.9515047110029641, -0.9536465825268458, -0.932306549804448, -0.8880100743790524, -0.8218478806484024, -0.7354490986554018, -0.6309411495673124, 
0.7539815999999999, -0.6845466416764595, -0.5573579334146753, -0.41906352158535576, -0.2730124888784933, -0.12248803942215444, 0.0293179043835613, 0.1792407508828097, 0.3240789591532583, 0.4606028296932279, 0.585641370431464, 0.6962061207079364, 0.7896108628260512, 0.8635680435224031, 0.9162602087593077, 0.9463908089798956, 0.9532181239356162, 0.9365740783161489, 0.8968685086300621, 0.8350790968658233, 0.7527273009251835, 0.6518408919231473, 0.534904023884782, 0.40479606573824223, 0.2647207018157074, 0.11812704664572365, -0.031375283550264914, -0.18010505143907773, -0.32440004270345424, -0.4607072417607139, -0.5856703186506945, -0.6962122728790665, -0.7896111992537518, -0.8635673101112487, -0.916259563625998, -0.9463905038282259, -0.9532182082220694, -0.9365745563489276, -0.8968693694641315, -0.8350803193945324, -0.7527288550540019, -0.6518427393849303, 
0.7853975, -0.7071063120935576, -0.5827956750670321, -0.44672240395121965, -0.3022226954198658, -0.15259292931342222, -0.0010432843775818497, 0.14925618158296, 0.2951113174991686, 0.433298055585234, 0.5606336622838168, 0.674093170652642, 0.7709299144024282, 0.8487766073831328, 0.9057217757119268, 0.940364688935778, 0.9518526609444721, 0.9399028874400424, 0.9048096225672795, 0.847436979218671, 0.7691976601133115, 0.6720181737235545, 0.558291397492455, 0.4308176573675502, 0.2927357746002144, 0.1474457776797204, -0.0014748175110671988, -0.15035909786131518, -0.29554104445057894, -0.43344580194926197, -0.5606777032726984, -0.6741038820333921, -0.7709314139788147, -0.8487760879397492, -0.9057211129230481, -0.9403643157877803, -0.9518526673433007, -0.9399032867235559, -0.9048104068410907, -0.8474381294084522, -0.769199147922108, -0.6720199625187446, 
0.8168133999999999, -0.7289681551293625, -0.6076578024723372, -0.47393705817438214, -0.33112263712613654, -0.18251888253471094, -0.03135321336474992, 0.11919628839085163, 0.26594029031592686, 0.4056607079680209, 0.5351665409441002, 0.651401268978877, 0.7515625656524709, 0.8332072687869918, 0.894332742046168, 0.9334361062910077, 0.9495550665427333, 0.9422928421409283, 0.9118282755418321, 0.8589115078883927, 0.7848455239343833, 0.6914540710015059, 0.5810367527386749, 0.45631240539253115, 0.32035215115368154, 0.1765037770638192, 0.02830930152709032, -0.12058224179126559, -0.2665046551327262, -0.40586485044952536, -0.5352313230080111, -0.6514186462812533, -0.7515659075897302, -0.8332071531475623, -0.8943321079263884, -0.933435675214834, -0.9495549970321966, -0.9422931628475049, -0.9118289828175837, -0.8589125848949799, -0.7848469442193768, -0.6914557995994173, 
0.8482292999999999, -0.7501105958206546, -0.6319198730037423, -0.5006812070339731, -0.3596855213357857, -0.21223963345299607, -0.06158634719874213, 0.08908638803973132, 0.2365914899309118, 0.37771662443760207, 0.5092653743488843, 0.6281543233719216, 0.7315303063177522, 0.8168783281600877, 0.8821076473943328, 0.9256154334420398, 0.9463312744923882, 0.9437452870212893, 0.9179211888616513, 0.8694948614190805, 0.7996587207251852, 0.7101323615880814, 0.6031202163912411, 0.4812572748617599, 0.3475442020014515, 0.20527345188179166, 0.057948196634436094, -0.09080393312759441, -0.23732017246443407, -0.37799281138616553, -0.509358028496314, -0.6281811816266049, -0.7315364553280348, -0.816878904035996, -0.8821071169706232, -0.9256149617571449, -0.946331132668724, -0.9437455296844433, -0.9179218188235679, -0.8694958644795007, -0.7996600723544974, -0.7101340285234092, 
0.8796451999999999, -0.7705127691662744, -0.6555580175671247, -0.5269289402279269, -0.3878846584754232, -0.24172881102955399, -0.09171700444959291, 0.058951840992036625, 0.2070904695526757, 0.349491597536264, 0.48295562436662787, 0.6043765335673141, 0.710855109728586, 0.7998087237916206, 0.8690617835474838, 0.9169138762324984, 0.9421881062823185, 0.9442624845155091, 0.9230860084935789, 0.8791801269075946, 0.8136259488639642, 0.7280376334155021, 0.6245226454306092, 0.5056298631676561, 0.37428681657351315, 0.23372760190572361, 0.08741324768390721, -0.06105350717518831, -0.20801692459706614, -0.34985828360181925, -0.48308498507428427, -0.6044165510005467, -0.7108654005877488, -0.7998104142944037, -0.8690614743836977, -0.9169133927998405, -0.9421878984864082, -0.9442626502812994, -0.923086560995743, -0.8791810553483141, -0.8136272307794981, -0.7280392372896268, 
0.9110611, -0.7901545407183249, -0.6785489678869546, -0.5526547556957665, -0.4156935148259239, -0.2709599805187278, -0.12171936576558512, 0.028818071903710718, 0.1774627438405479, 0.3210113719395464, 0.4562628190005551, 0.5800923517271769, 0.6895593944963316, 0.7820180009790136, 0.8552111715963111, 0.9073434576954955, 0.9371332602723546, 0.943847608868871, 0.927321303697965, 0.8879613032247915, 0.8267367844726903, 0.7451552965051945, 0.6452256430275878, 0.5294084196202468, 0.4005554258923417, 0.2618394448392815, 0.11667611852827049, -0.031360156203369204, -0.17862424111269057, -0.3214900118008686, -0.45643964477979126, -0.5801502378152942, -0.6895756306703084, -0.7820214115530727, -0.8552112623658389, -0.9073430091166119, -0.9371329973490946, -0.9438476999223212, -0.9273217788528543, -0.8879621564778, -0.8267379956932612, -0.7451568359876011, 
0.9424769999999999, -0.8090165264524072, -0.7008700824532287, -0.5778335981340041, -0.44308576299989244, -0.29990668738016707, -0.15156748871621367, -0.0012894156301484494, 0.14773380945318046, 0.2923016463197467, 0.4292125295883534, 0.5553264451818525, 0.6676659859425007, 0.7635262796824772, 0.8405725374728517, 0.8969170004756586, 0.9311752997569828, 0.9425047391495677, 0.9306265647321461, 0.8958333033194262, 0.8389816882231105, 0.7614715940986937, 0.6652115737231091, 0.552571864301715, 0.42632602463792274, 0.28958264104989356, 0.1457087837904727, -0.0017529012570412644, -0.1491714241308263, -0.292916857663233, -0.42944971818400673, -0.5554081192081936, -0.6676905520993055, -0.7635322553765198, -0.8405732922032857, -0.8969166597664573, -0.9311749997025981, -0.9425047594076759, -0.9306269630667476, -0.8958340809528108, -0.838982827850169, -0.7614730679287331, 
0.9738928999999998, -0.8270801118972805, -0.7224993712530644, -0.602440894997849, -0.47003533002671477, -0.32854250250411215, -0.18123532844900436, -0.031345030247361495, 0.11792916443651467, 0.26338807894643346, 0.40183035293463204, 0.5301036620631526, 0.6451980777903711, 0.7443542209344819, 0.8251632859147767, 0.8856481078750972, 0.924323639900718, 0.9402388512710507, 0.9330021996156305, 0.9027919556019702, 0.8503520112423736, 0.776973612923577, 0.6844635777982261, 0.5750998061859939, 0.4515751925706812, 0.3169313177674994, 0.17448355524235687, 0.027739435752461527, -0.11968771955606929, -0.26416777095675165, -0.40214314607985197, -0.5302164390033561, -0.6452340655210831, -0.744363914721077, -0.8251650848379325, -0.885647986253823, -0.92432333171537, -0.9402388074666603, -0.9330025223349333, -0.9027926573755982, -0.8503530784706973, -0.7769750199130203, 
1.0053088, -0.8443274705050661, -0.7434155193819076, -0.6264525902488921, -0.4965164430209416, -0.3568410680086327, -0.21069676326002593, -0.06132308988769007, 0.08807432549973944, 0.2342962960444497, 0.37414189813699233, 0.5044490002374485, 0.6221791946449274, 0.7245229923056598, 0.8090014729187177, 0.8735511434830331, 0.9165885334955938, 0.9370558089969842, 0.9344495299467145, 0.9088340044047023, 0.860840000114293, 0.7916492925873363, 0.7029655848232963, 0.5969725605084403, 0.4762801152937437, 0.3438600927281357, 0.20297310774738536, 0.0570882596504406, -0.09020228849436313, -0.23527176067661518, -0.3745480710552319, -0.5046017804186553, -0.6222305402175377, -0.7245379448810783, -0.8090048508145614, -0.873551405970645, -0.9165882626230606, -0.9370557123164023, -0.9344497793612787, -0.9088346303674653, -0.8608409942516775, -0.7916506316245557, 
1.0367247, -0.8607415812438689, -0.7635979096065393, -0.6498451760754952, -0.5225036724665317, -0.3847761430110945, -0.23992562420974728, -0.09119782456215725, 0.058194842422253534, 0.20505190193550765, 0.3461727777184838, 0.4783875798173573, 0.5986331557634317, 0.7040542327735133, 0.7921057767961062, 0.86064120937017, 0.9079810554930816, 0.9329623538967061, 0.9349707857567684, 0.9139571095131047, 0.8704388009723748, 0.8054874340927276, 0.7207023263761043, 0.6181711653714115, 0.5004186043366831, 0.37034409724125733, 0.23115050474353543, 0.08626522926982955, -0.060744178865402385, -0.20625786624016476, -0.34669280897950855, -0.4785910385459706, -0.5987047882577612, -0.7040764639483701, -0.7921114696278648, -0.8606420949394282, -0.9079808912925774, -0.932962222377734, -0.9349709659523034, -0.9139576601662279, -0.8704397214748351, -0.8054887041499801, 
1.0681406, -0.8763062453954519, -0.7830266439340052, -0.672595722781704, -0.5479719731883245, -0.4123216489021819, -0.2688957279700167, -0.12094338449167526, 0.028316309025371376, 0.17568049003285682, 0.31794860256188856, 0.4519446193975826, 0.5745840405742169, 0.682970017371497, 0.7744954679915876, 0.8469341228553572, 0.8985130862684992, 0.9279660942159812, 0.934569099384756, 0.9181598447618374, 0.8791424626805208, 0.818477707468657, 0.737659347919429, 0.6386773975723501, 0.5239691165436288, 0.39635899866034247, 0.2589892232430798, 0.11524228436457072, -0.03134229723835599, -0.17715512876521228, -0.31860582043163976, -0.45221139263267823, -0.5746820383154031, -0.6830021288102484, -0.7745044684919659, -0.8469359698771155, -0.8985131320219476, -0.9279659561607027, -0.9345692172373895, -0.918160321323443, -0.8791433092131137, -0.8184789076149511, 
1.0995564999999998, -0.8910061025413888, -0.8016825642262946, -0.6946819070121643, -0.5728967231070003, -0.43945171375941045, -0.2975809121564498, -0.15053385318734355, -0.0015356296780379489, 0.14620765383135972, 0.2894949800560822, 0.4251454160304438, 0.55005615633889, 0.661292822012041, 0.7561903778675695, 0.8324463918826033, 0.8881972935858709, 0.9220754926264848, 0.933248498351001, 0.9214416956864211, 0.8869459390967841, 0.8306106585110298, 0.7538230198292746, 0.6584737876417659, 0.546910772749373, 0.42188102223699975, 0.28646317832653234, 0.14399167214027253, -0.0020253809177706514, -0.14799256245984102, -0.2903156820983543, -0.42549027819247054, -0.5501879091788582, -0.6613381107112793, -0.7562040005556223, -0.8324496696000856, -0.8881976995929812, -0.9220753913329517, -0.9332485650220521, -0.9214421005062323, -0.8869467116351796, -0.8306117879345837, 
1.1309723999999999, -0.904826645721917, -0.8195472718893134, -0.7160820384549903, -0.5972537598880331, -0.46614071562892845, -0.3259550724770419, -0.1799432649811648, -0.031335274379899074, 0.11665899712948019, 0.2608375148111377, 0.3980153288355715, 0.5250740082772007, 0.6390454888774108, 0.7372108666964637, 0.8171951890795965, 0.8770471132452173, 0.915299852818362, 0.9310138972060977, 0.9238030562193371, 0.8938450904147115, 0.8418777146281806, 0.7691805475656256, 0.6775436340792677, 0.5692233757278516, 0.4468869723394744, 0.31354674710862585, 0.1724859733775245, 0.027178029693837986, -0.11879912615142695, -0.26185105817065163, -0.3984553589736473, -0.5252483829815806, -0.6391080704047951, -0.7372308225867538, -0.8172005357911929, -0.8770480935944021, -0.9152998529849576, -0.9310139302842321, -0.9238033934093963, -0.8938457894093901, -0.8418787726747029, 
1.1623883, -0.9177542357525308, -0.8366031466558341, -0.736775085141855, -0.6210194156014245, -0.4923633244807494, -0.35399220110741925, -0.20914562648034024, -0.06105687250015222, 0.08706014282760434, 0.2320018112748062, 0.37057976603068477, 0.4996622723888749, 0.6162511927573687, 0.7175777911326532, 0.80119832460297, 0.8650767284120932, 0.9076493049037331, 0.9278710883285506, 0.9252452244166892, 0.8998366835756366, 0.8522711897854868, 0.7837199809781366, 0.6958710167765393, 0.5908874273981348, 0.47135425301714984, 0.34021479215479555, 0.20069812812374477, 0.05623961843057529, -0.08960369498237396, -0.23324067176680668, -0.37113449881304816, -0.49988977817999397, -0.6163361329201522, -0.717606272150362, -0.8012065931503051, -0.8650785820337602, -0.9076495011068465, -0.9278711148243772, -0.9252455007843635, -0.8998373102093913, -0.8522721760216403, 
1.1938041999999998, -0.9297761146841875, -0.8528333644751734, -0.7567406974446508, -0.6441705495095106, -0.5180945427048844, -0.38166642578208526, -0.23811494140575604, -0.09067462329618983, 0.057436739762053025, 0.20301347758536584, 0.34286417507950906, 0.47384577111723686, 0.59293340868367, 0.6973124714575963, 0.7844742179089067, 0.8523010476502685, 0.899134789605405, 0.9238267316435871, 0.9257703971990615, 0.9049183917438471, 0.8617842885435167, 0.7974302227396066, 0.7134408096168587, 0.6118841452738157, 0.4952608878933468, 0.3664426843272664, 0.22860146092995492, 0.08513132036920919, -0.0604350322997841, -0.20451327640992015, -0.34355573340379986, -0.4741387223066048, -0.5930468619721205, -0.6973522443043201, -0.7844865289503165, -0.8523041842570692, -0.8991353172922293, -0.923826792080871, -0.9257706235923663, -0.9049189483243857, -0.8617852028591905, 
1.2252200999999998, -0.9408804183938413, -0.8682219145169763, -0.7759592308507554, -0.6666845790965387, -0.5433097440658097, -0.40895204916664507, -0.2668252382810219, -0.12016268691810307, 0.027814467150404455, 0.17389813002070326, 0.3148940355806804, 0.4476494519096913, 0.5691158811703834, 0.676436658902811, 0.7670418686186447, 0.8387356817019961, 0.8897680412143777, 0.9188883432359507, 0.9253816640879666, 0.90908879283489, 0.8704111091835828, 0.8103010359003886, 0.7302386922414084, 0.6321954781424244, 0.5185855393694406, 0.3922063250404825, 0.2561697056094172, 0.11382534848135833, -0.031321761765985445, -0.17569762758789292, -0.3157472420050239, -0.44802212452604384, -0.5692652340390174, -0.6764911678378802, -0.7670596720211171, -0.8387406531957187, -0.8897690906851973, -0.9188884971231427, -0.9253818572900673, -0.9090892833779818, -0.8704119519522295, 
1.2566359999999999, -0.9510561882928809, -0.8827536152923493, -0.7944117675839996, -0.688539509447382, -0.5679847110719555, -0.435823588146478, -0.29525060045814655, -0.14949519719068682, -0.0017809636632970527, 0.1446813974466435, 0.286694854468685, 0.4210983686438891, 0.544822595318245, 0.6549725033563255, 0.7489208266754779, 0.8243969190853258, 0.8795615693119013, 0.9130642828316361, 0.9240829999175635, 0.9123473670855053, 0.8781466459138442, 0.8223230505570275, 0.7462511609732044, 0.6518041209622212, 0.5413075271240374, 0.4174821679062741, 0.28337702949563026, 0.1422942199069701, -0.002292339716516687, -0.14682245442351144, -0.2877373191215977, -0.42156714802183987, -0.5450166121364227, -0.6550459810781076, -0.7489459711844697, -0.8244044569607983, -0.8795634031873015, -0.9130646158355537, -0.9240831852566823, -0.9123477981603989, -0.87814741823738, 
1.2880519, -0.9602933821419146, -0.8964141298924556, -0.8120801371256695, -0.7097139610747055, -0.5920956707470407, -0.46225581273157346, -0.3233651979958128, -0.17864627784417877, -0.031323810368775004, 0.11538892522465538, 0.25829216306427666, 0.39421766580884826, 0.5200777499833737, 0.6329425217487094, 0.7301311620116474, 0.8093017006033562, 0.8685286392665862, 0.9063637401276892, 0.921879256500378, 0.914694493651917, 0.8849867901481764, 0.8334877696283908, 0.761465538889969, 0.6706935289644178, 0.5634068458916741, 0.44224723974982677, 0.31019805717775906, 0.17051078182470214, 0.026624972208180674, -0.11791643148211249, -0.2595543461819805, -0.39480118224179145, -0.5203267193135062, -0.6330401072897707, -0.7301659731631973, -0.8093127598055326, -0.8685316139420008, -0.9063643733059032, -0.9218794713724566, -0.9146948755796556, -0.8849874942219838, 
1.3194678, -0.9685828839612322, -0.9091899803423474, -0.8289469356790268, -0.7301871962848984, -0.6156193288125736, -0.4882237843346669, -0.35114332094296496, -0.20759006187450557, -0.06078830386385577, 0.0860463781059693, 0.2297115154963524, 0.36703256525993394, 0.49490573314846864, 0.6103695673956422, 0.7106934339590598, 0.7934675928850144, 0.8566832515339402, 0.8987967199554686, 0.9187761532258403, 0.9161314462216092, 0.8909283308489245, 0.8437875737323479, 0.7758699850376534, 0.688847930949528, 0.5848641825062229, 0.46647916097819625, 0.3366078936921726, 0.19844823689531352, 0.05540213413148497, -0.08900815074405385, -0.2312267632420069, -0.36775181502982923, -0.4952216118991632, -0.6104974296945178, -0.710740799988512, -0.7934834024770656, -0.8566878431147072, -0.8987978214331228, -0.9187764517591459, -0.9161317947382158, -0.8909289704935182, 
1.3508836999999998, -0.9759165130271601, -0.9210685610661243, -0.8449955446116909, -0.7499391441637241, -0.6385329023070386, -0.5137028932302482, -0.37855941362130535, -0.23630071368819744, -0.09014865546598573, 0.05667944171200428, 0.20097848801827578, 0.33956835530721763, 0.4693310995707617, 0.5872768005462075, 0.6906286606463763, 0.7769127610998235, 0.844040119804155, 0.8903740262711629, 0.9147802665717659, 0.9166603876224555, 0.8959689539234614, 0.8532157251556632, 0.7894535027765923, 0.7062523417671531, 0.6056609321948839, 0.49015616528380157, 0.3625821471493773, 0.22608016825468533, 0.08401135468425068, -0.06012609376894609, -0.20278304074241627, -0.34044680467226474, -0.4697276525252964, -0.5874422661354469, -0.6906921259297132, -0.7769348819793549, -0.844046954987179, -0.8903758257694397, -0.9147807256939413, -0.9166607261424018, -0.8959695353424577, 
1.3822995999999999, -0.9822870319454359, -0.9320381514583315, -0.8602101479025775, -0.7689504242533175, -0.6608141506783757, -0.5386688950456063, -0.40558810954309393, -0.26475245367481903, -0.11937906711042807, 0.027313822276406278, 0.17211867875702147, 0.31185038184942926, 0.4433785507180529, 0.5636876603511183, 0.6699582886263425, 0.7596559410091341, 0.8306146480632888, 0.8811072449777614, 0.9098990185116453, 0.9162843634123176, 0.9001072406632602, 0.8617663709092229, 0.8022059472524065, 0.7228925739690409, 0.6257792141093378, 0.5132571186660181, 0.38809695077626216, 0.25338056403362375, 0.11242511739833762, -0.031298604078306744, -0.17425165134772222, -0.31291405188629506, -0.4438714829546901, -0.5638993434134169, -0.67004215397086, -0.7596863307694266, -0.8306245403856142, -0.8811100516129876, -0.909899745709041, -0.9162847260527097, -0.9001077735024465, 
1.4137155, -0.9876881537936286, -0.9420879275557523, -0.8745757486137283, -0.7872023689831695, -0.6824414053933641, -0.5630979461721602, -0.4322042666435964, -0.292919584848474, -0.14845374442330628, -0.002024755600960597, 0.14315770746089843, 0.2839040412309477, 0.41707291694432813, 0.5396258384245052, 0.6487041629712977, 0.7417164105325759, 0.8164229066524579, 0.8710087255948669, 0.9041406638048686, 0.9150072944321831, 0.9033426652130717, 0.8694345448600304, 0.8141180319837698, 0.7387552486257141, 0.6452018860812784, 0.535761537754682, 0.41312898435421336, 0.28032384138215144, 0.14061620672539485, -0.0025538597829778686, -0.1456610418938391, -0.2851815717785805, -0.4176799967410111, -0.5398937713216715, -0.6488135918593714, -0.7417574954097133, -0.8164368984623767, -0.871012949367513, -0.9041418068898303, -0.915007729983976, -0.9033431640124991, 
1.4451313999999997, -0.9921145483255636, -0.9512079728033276, -0.8880781844021332, -0.8046770449092813, -0.7033935981113252, -0.586966638016401, -0.4583830025493092, -0.3207765212074985, -0.17734691250833984, -0.03131055336542973, 0.11412121484852662, 0.25575477447693784, 0.39043914180165207, 0.5151152541284698, 0.6268884980619392, 0.7231139610203202, 0.8014816074284815, 0.860091561806385, 0.8975142761628683, 0.9128339683067201, 0.905675591056894, 0.8762161689306386, 0.8251813345590219, 0.7538278052973252, 0.6639125585901655, 0.5576496074200014, 0.4376554950343071, 0.30688486997656383, 0.16855773365674617, 0.026080153518696678, -0.11703960547166686, -0.25727746580163224, -0.39118031174852497, -0.5154510164055394, -0.6270296277518314, -0.7231687146996448, -0.801501017851844, -0.8600977391864857, -0.8975160353853668, -0.9128345453651469, -0.9056760772067945, 
1.4765472999999998, -0.9955618472316217, -0.9593892879077748, -0.900704142082372, -0.8213572728078516, -0.7236502874709164, -0.6102520300353859, -0.48409972964272757, -0.34829781747586064, -0.20603283424817156, -0.060517825194011755, 0.08503486120573535, 0.22742806255125558, 0.36350226833670923, 0.49018003166310625, 0.6045338492752453, 0.703868868428644, 0.7858080781468493, 0.8483695709308043, 0.8900297332915716, 0.9097700298779497, 0.9071072665068592, 0.8821080533558897, 0.8353883014333452, 0.7680985111496645, 0.6818956079315974, 0.5789021976540342, 0.461654317511446, 0.3330389949881125, 0.1962231609207097, 0.05457566954630658, -0.08841565367359415, -0.22922989373563918, -0.3643997425591464, -0.4905968754741365, -0.604713905482573, -0.7039408973100821, -0.7858345572214042, -0.8483783949195574, -0.8900323761455906, -0.9097708433691909, -0.907107770838465, 
1.5079631999999998, -0.9980266484497268, -0.9666237997725442, -0.9124411712474526, -0.8372266466627557, -0.7431916845383034, -0.632931681522492, -0.5093301897212592, -0.375458199909234, -0.2344858308937094, -0.08962082700484372, 0.055924323925785925, 0.19894942228215154, 0.3362874271796185, 0.4648444789978268, 0.5816630857528176, 0.6840018645979643, 0.7694202362032082, 0.8358572723740133, 0.8816977008194182, 0.9058219705606742, 0.9076398191810774, 0.8871078959860836, 0.844732251817854, 0.7815564692064007, 0.6991361885752109, 0.5995008797095468, 0.48510389353996364, 0.35876205949277923, 0.22358632773419027, 0.0829051678211872, -0.059817389029614004, -0.20106704572323017, -0.33736577279444496, -0.4653574488911385, -0.5818904994808857, -0.6840954989445803, -0.7694558252391398, -0.8358696273799268, -0.881701579900384, -0.9058231499244709, -0.9076403853446102, 
1.5393791, -0.9995065195227645, -0.9729043695079808, -0.923277696952471, -0.8522695515796951, -0.7619986769631939, -0.6549836821256543, -0.5340504880815058, -0.40223259787163906, -0.2626803046968143, -0.11859382778261686, 0.026815293739659997, 0.1703444026108784, 0.3088198262001251, 0.43913306863418516, 0.5582993644018194, 0.6635341088289349, 0.7523365618821595, 0.8225698651398523, 0.8725296151303372, 0.900997116612423, 0.9072762494569967, 0.8912142806250823, 0.8532073806514999, 0.7941916257286913, 0.7156202447014488, 0.6194279414826797, 0.5079832907738803, 0.3840304263022161, 0.25062147408590807, 0.11104139980378781, -0.03127287765945376, -0.17281711438450692, -0.310106027380202, -0.4397591136717998, -0.5585838893629362, -0.6636544990518414, -0.7523837599802279, -0.8225868669517694, -0.8725351893962926, -0.9009988359196535, -0.9072769382605823, 
1.570795, -0.9999999999991198, -0.9782247995109375, -0.933203031463573, -0.8664711806542502, -0.7800528518864941, -0.6763866810931622, -0.5582371268903354, -0.42859617591361243, -0.29059076333177924, -0.14741112316545635, -0.0022665305647953764, 0.14163858083663472, 0.2811247414822758, 0.41307042014737316, 0.5344661052482925, 0.6424871599435118, 0.7345760712715146, 0.8085232044883137, 0.8625376651322403, 0.8953036163160059, 0.9060204228880819, 0.8944266743914652, 0.8608087606462164, 0.805994776713253, 0.7313345209068973, 0.6386664021264334, 0.5302722209156402, 0.40882099919654896, 0.2773032645291697, 0.13895741466021186, -0.0028100221668054433, -0.1445082670394963, -0.282648244781063, -0.41382849641348024, -0.5348189342247089, -0.6426403771140603, -0.7346379077945506, -0.8085462455574611, -0.862545524907388, -0.8953061066149813, -0.9060213177923966, 
1.6022108999999998, -0.9995066028739638, -0.982579839608574, -0.9422073850730459, -0.8798175508161148, -0.7973365176400453, -0.6971199152518286, -0.5818670377309008, -0.454524366108957, -0.31819184584814586, -0.17604705119872094, -0.031295449084927575, 0.1128575585563487, 0.2532275093531476, 0.3866812844143537, 0.5101869682281086, 0.6208829490044679, 0.716158289005914, 0.7937337778449539, 0.851734773003455, 0.8887504260792527, 0.9038770615736668, 0.8967454240907885, 0.8675323433952661, 0.8169575734998457, 0.7462665720681685, 0.6572000258825262, 0.5519510571577988, 0.43311124354036723, 0.30360681146264556, 0.16662658463400343, 0.02554346519859802, -0.11616861806495812, -0.25502024923274963, -0.3875924460869968, -0.5106208466624632, -0.62107608853619, -0.7162384016584525, -0.793764578004879, -0.8517456690374027, -0.8887539902734627, -0.9038782755569136, 
1.6336267999999998, -0.9980268150698679, -0.9859651922616519, -0.9502818759801516, -0.892295517667501, -0.8138327242752592, -0.7171632357294719, -0.6049176132350863, -0.47999290043334575, -0.3454583499003081, -0.20447601012860592, -0.06024576950768625, 0.08402695702809344, 0.22515351919378782, 0.35999052940211246, 0.4854858314653576, 0.5987437528491961, 0.6971032210056248, 0.7782186800771459, 0.8401345739717548, 0.8813472954640932, 0.900851734474784, 0.8981717515873642, 0.8733749595343706, 0.8270725274789298, 0.7604047723545039, 0.6750133351196547, 0.5730008509027443, 0.45687920626385353, 0.3295076978781899, 0.19402262999973185, 0.05376008908567911, -0.0878262014122469, -0.22724992299919133, -0.36107800671614737, -0.4860151665473699, -0.5989850401614446, -0.6972059390340001, -0.7782593427355937, -0.840149450830898, -0.8813523260262507, -0.9008534185002234, 
1.6650426999999999, -0.9955620969562711, -0.9883775168232951, -0.9574185392364516, -0.9038927893300311, -0.8295252829537075, -0.7364971334386294, -0.6273667377339635, -0.5049778429936939, -0.3723652600069156, -0.23267247808294636, -0.08909181763187018, 0.05517241172093751, 0.19692820676064893, 0.33302312736044754, 0.4603867710527086, 0.5760921685724284, 0.6774313273743391, 0.7619955882628416, 0.827751395192833, 0.8731047511656255, 0.8969508466726458, 0.8987077481648481, 0.8783343179449693, 0.8363330138900179, 0.7737383233793891, 0.6920916225666245, 0.5934033477461264, 0.4801035351916317, 0.3549819995553226, 0.22111964357542346, 0.08181259726848966, -0.0595089433126617, -0.19936517868180245, -0.33431238997275614, -0.4610277345811254, -0.5763910654386297, -0.677561759259489, -0.762048661995275, -0.8277714292118371, -0.8731117509871802, -0.8969532000054289, 
1.6964585999999997, -0.9921148809082736, -0.9898144328498903, -0.9636103347538203, -0.9145979393113153, -0.8443987842289723, -0.7551027633416451, -0.6491928168748966, -0.5294556219417478, -0.39888777660427127, -0.2606110344677402, -0.11780794972208541, 0.026319565850375967, 0.16857704775270665, 0.3058041432404878, 0.4349140423142564, 0.5529510890684844, 0.6571634956139569, 0.7450827360851411, 0.8146002338068348, 0.864034079971067, 0.8921816275712418, 0.8983563678664076, 0.8824090039889451, 0.8447332747010082, 0.7862572614815149, 0.7084209627291774, 0.613141002710226, 0.5027634977025306, 0.38000630668258445, 0.2478921147714033, 0.10967400652987642, -0.03124463519643142, -0.17139393160797428, -0.3073229477145654, -0.4356846656594515, -0.5533183992671289, -0.6573276204953171, -0.7451512814481178, -0.8146268757685247, -0.8640436866321116, -0.8921849102017791, 
1.7278744999999998, -0.9876885689061807, -0.990274522461567, -0.9688511543730343, -0.9244004183998162, -0.8584386152454409, -0.7729619675191105, -0.6703748061682463, -0.5534030609283775, -0.42500134567176656, -0.2882663828950464, -0.14636856667121637, -0.002505937264116312, 0.14012555137224053, 0.2783587241429316, 0.4090920624995027, 0.5293436797176388, 0.6363210143048624, 0.7274988879909042, 0.800696734262496, 0.8541473107382205, 0.8865521180512068, 0.8971214198073745, 0.8855984767644376, 0.8522684205585956, 0.7979524641254135, 0.7239882224796449, 0.6321969947140162, 0.5248389987040697, 0.4045577448865737, 0.2743149531536395, 0.1373176281781818, -0.003060906851169845, -0.1433640723256657, -0.28013714449324717, -0.4100123220704743, -0.5297916525455935, -0.6365257762496794, -0.7275865492575577, -0.8007317569044433, -0.8541603244593943, -0.8865566654878456, 
1.7592903999999998, -0.9822875291781648, -0.9897573317504897, -0.9731358279907408, -0.9332905655944599, -0.8716309758763159, -0.7900572970643766, -0.6908922384384192, -0.5767974099763513, -0.4506816887230888, -0.3156133754503904, -0.17474812991598238, -0.031278463145536325, 0.11159925364496917, 0.2507120895887934, 0.38294539482818846, 0.5052933562740116, 0.6149255473874177, 0.7092633132536958, 0.7860571650081777, 0.8434571954430756, 0.8800711565886096, 0.895007559456141, 0.887903065373025, 0.858934431799764, 0.8088156554120499, 0.7387810708087986, 0.650555240267142, 0.546310597906059, 0.4286139956500729, 0.30036351150022633, 0.16471709317327335, 0.02501480015470049, -0.11530343923076652, -0.2527825300597309, -0.38403728655502883, -0.5058357864505696, -0.6151789515088623, -0.7093743946559821, -0.7861027153750662, -0.843474610948404, -0.8800773972821554, 
1.7907062999999999, -0.975917091889358, -0.9882633712360247, -0.9764601287426906, -0.941259618073716, -0.8839628938199446, -0.8063720328267644, -0.7107252501636107, -0.5996163756687649, -0.4759048329737413, -0.3426270381049301, -0.202921179022864, -0.05997239649962553, 0.08302371028686807, 0.22288952240002852, 0.35649873378030944, 0.480823763984847, 0.5929991091647364, 0.6903957600804402, 0.7706983946572813, 0.831977189356096, 0.8727483643595028, 0.8920202788826347, 0.8893239641896482, 0.8647281585144162, 0.8188394106895928, 0.7527879877294489, 0.6682004063754733, 0.5671595263782756, 0.45215331610127013, 0.32601360833019566, 0.19184637683866396, 0.052955258758415065, -0.08723979135367313, -0.225286711893938, -0.35778633525596926, -0.48147608647146145, -0.5933103184972037, -0.6905353060265581, -0.7707570512312494, -0.8320002318337365, -0.8727568400154051, 
1.8221222, -0.9685835438816328, -0.9857941153666914, -0.9788207772413574, -0.948299720207511, -0.8954222386706989, -0.8218902050254004, -0.7298546066962414, -0.6218381505677341, -0.500647141512746, -0.3692825970786924, -0.23086235083927723, -0.08856215300427323, 0.054424488929569345, 0.19491635997739643, 0.32977689150425327, 0.4559587579439395, 0.5705640401287585, 0.6709164298972995, 0.7546378677419131, 0.819721430416333, 0.8645941293588214, 0.8881658959780083, 0.8898632271282455, 0.8696473196494626, 0.8280171602545574, 0.7659982723214777, 0.6851179226462684, 0.5873677023777152, 0.47515455815667124, 0.35124154988441053, 0.2186798231369703, 0.08073348237446484, -0.05920078133125549, -0.19767732778588504, -0.331286410583563, -0.456738136228363, -0.5709434720920553, -0.6710903085206872, -0.7547127021903112, -0.8197515957132391, -0.8646055183790714, 
1.8535380999999997, -0.9602941224692576, -0.9823520010696797, -0.9802154448664242, -0.9544039316142803, -0.9059977349780614, -0.8365966117544601, -0.7482617263620732, -0.6434414417934355, -0.5248853433237436, -0.3955555059655031, -0.25854640008716023, -0.11702219257127403, 0.025827160542800827, 0.16681798576783102, 0.3028047851988819, 0.4307223846560022, 0.5476429836917946, 0.6508459519435913, 0.7378935801729903, 0.806704717881449, 0.8556195895703237, 0.8834515426541709, 0.8895237608981981, 0.8736905011452192, 0.8363431921335385, 0.7784020499080936, 0.7012939925813102, 0.6069177464314258, 0.49759718700088, 0.37602415153886265, 0.24519216848645833, 0.10832275052696594, -0.031213928590111423, -0.16998201849495914, -0.3045645940240274, -0.431647791099403, -0.5481024049193168, -0.6510609412349608, -0.7379882234563864, -0.8067438170086535, -0.8556347338459049, 
1.8849539999999998, -0.9510570082965535, -0.9779404253495952, -0.9806427561070753, -0.9595662342647091, -0.9156789743053051, -0.8504768363991804, -0.7659287034405506, -0.664405498707163, -0.548596563017682, -0.4214214734371512, -0.2859482212628288, -0.14532703407445127, -0.0027427100800141435, 0.13861982072282497, 0.2756074253126717, 0.40513886476457817, 0.5242588638846362, 0.630205358293232, 0.7204840545271105, 0.7929424903397573, 0.8458366152325487, 0.8778851520374015, 0.8883093172493927, 0.8768571530958149, 0.8438126539358746, 0.7899902783531826, 0.7167156040466669, 0.6257929956614027, 0.5194612988869892, 0.4003387586312661, 0.2713585650969392, 0.13569663411886443, -0.003306592766695947, -0.1422284005139896, -0.27764807891821375, -0.4062311516843279, -0.524811482155334, -0.6304692339718321, -0.7206027670121012, -0.7929926982982001, -0.8458565504784546, 
1.9163698999999998, -0.9408813172646004, -0.9725637419389869, -0.9801022899555792, -0.9637815386331824, -0.9244564262971859, -0.8635172639804053, -0.7828383300322765, -0.6847101396538405, -0.5717583501555782, -0.44685649135325733, -0.3130428716976933, -0.17345127151212678, -0.031259574878901575, 0.11034731456225715, 0.24820990439470234, 0.37923257687419687, 0.5004348640606245, 0.6090160594115128, 0.7024283152803348, 0.7784508031772279, 0.8352577902539904, 0.8714754446764309, 0.8862244842069944, 0.8791475859265304, 0.8504215537678627, 0.800754753469721, 0.73137053890797, 0.6439775173384555, 0.5407276382418719, 0.4241632666824107, 0.29715460380380454, 0.16282902031447938, 0.02449405261041613, -0.11444403896453087, -0.2505641432373689, -0.38051453713110506, -0.5010954160611328, -0.6093376836085325, -0.7025760604040474, -0.7785147120409803, -0.8352837800424038, 
1.9477857999999997, -0.9297770915349577, -0.9662272570041096, -0.9785945803522608, -0.9670456888976617, -0.9323214487643853, -0.8757050964437614, -0.7989741168219023, -0.7043357777295277, -0.5943487080552307, -0.4718368631137215, -0.3398055956288061, -0.20136959154924008, -0.05969791420554661, 0.0820259366740254, 0.2206373864282133, 0.353028042378298, 0.476194406623339, 0.5872998203413352, 0.6837458641065703, 0.7632463055978493, 0.8238963928386379, 0.8642319137919428, 0.8832746763008817, 0.8805629655826233, 0.8561667601995963, 0.8106881135293493, 0.7452473818203202, 0.6614561216523585, 0.5613776140611886, 0.44747614099430294, 0.3225563363795258, 0.18969413701234442, 0.05216104615122878, -0.08665642064954147, -0.22334012238280132, -0.35452445835235785, -0.4769792402751273, -0.5876892300990525, -0.6839283850449445, -0.7633269817135937, -0.8239299664421191, 
1.9792016999999997, -0.9177552896192799, -0.9589372239102792, -0.9761211156826305, -0.9693554671885816, -0.9392662967910406, -0.8870283669078861, -0.8143203127462741, -0.7232634455480026, -0.6163461219900901, -0.49633923210202335, -0.3662118491257892, -0.22905679236515328, -0.0880322496742853, 0.053681166498111, 0.1929150964773757, 0.32654991118828103, 0.4515611337743308, 0.565078737597736, 0.6644566553535233, 0.7473462172995935, 0.8117663753904802, 0.8561648096012818, 0.879466123799094, 0.8811053077262749, 0.8610460012762017, 0.8197838428633987, 0.758335528162126, 0.6782143736859508, 0.5813933155794225, 0.47025643560768005, 0.3475402973024812, 0.2162665768857807, 0.07966766432345192, -0.05889292728938742, -0.19600338203614937, -0.3282875911584465, -0.4524882838905734, -0.5655472321342675, -0.6646805540557661, -0.7474472623798638, -0.811809369496414, 
2.0106176, -0.9048277755646075, -0.9507008370520794, -0.9726843373281603, -0.9707085968873913, -0.9452841308705487, -0.897475952884517, -0.8288619235785966, -0.7414748189876569, -0.6377295867016726, -0.5203406100796367, -0.39223732572103603, -0.25648780371728047, -0.11623715821245889, 0.025338483263631736, 0.16506831048152276, 0.29982294824609995, 0.4265588892571209, 0.5423752168330549, 0.6445810718023658, 0.7307683049103795, 0.7988823437723029, 0.8472851227591215, 0.8748058609595315, 0.8807774709408387, 0.8650578625662163, 0.8280362745459593, 0.7706251911023806, 0.6942386045811859, 0.6007575272007282, 0.49248381160202853, 0.372083524963521, 0.2425213209691208, 0.10698744683591767, -0.031180808966819552, -0.16858129108679698, -0.30183074933398707, -0.427648145344148, -0.5429354424855287, -0.6448538896714664, -0.7308939207150442, -0.798936948073104, 
2.0420334999999996, -0.8910073072450042, -0.941526224754585, -0.9682876372729441, -0.9711037449755451, -0.9503690240739172, -0.9070375884817233, -0.8425847294397807, -0.7589522399058448, -0.6584786331588695, -0.5438184054040439, -0.4178579825927562, -0.2836377081180316, -0.14428728731342322, -0.002976645031586393, 0.13712234503794457, 0.2728720206931845, 0.4012117010549167, 0.5192119513178681, 0.6241399008085036, 0.7135308582887767, 0.7852595359999183, 0.8376045669617578, 0.8693017133194495, 0.8795831489445772, 0.8682017842411408, 0.8354405921500107, 0.7821074077910963, 0.7095159218854249, 0.6194537426768197, 0.5141385547217685, 0.3961635822912225, 0.2684337617680008, 0.1340942216625583, -0.003547157806272107, -0.1411011946628015, -0.27518085768454903, -0.4024846661421158, -0.5198779830572526, -0.6244702002342789, -0.7136859145063287, -0.7853283426014921, 
2.0734494, -0.8763075237710971, -0.9314224412526688, -0.9629353547692723, -0.9705405234350248, -0.9545159682542428, -0.9157038756001621, -0.8554753012481692, -0.775678737812632, -0.6785733545082645, -0.566750450955009, -0.4430500671550137, -0.3104817630129765, -0.1721573714743449, -0.031238773487953758, 0.10910254702403838, 0.2457220855621365, 0.37554376498257025, 0.4956119012652778, 0.6031543109103765, 0.6956526667927221, 0.77091380045769, 0.8271355607693899, 0.8629622840479112, 0.8775268618195516, 0.8704780571818281, 0.8419928305682367, 0.7927740446628792, 0.7240342190665592, 0.6374661785185408, 0.5352015923127788, 0.4197585767773317, 0.29397972587264515, 0.16096212968364682, 0.023981118087493973, -0.11359038729149562, -0.24836492508019953, -0.37702390445060247, -0.4963993196742253, -0.6035517567988736, -0.6958427716519188, -0.7709998569824594, 
2.1048652999999997, -0.8607429320299439, -0.9203994577563545, -0.9566327720659515, -0.9690194897018743, -0.9577208792903992, -0.9234662941309782, -0.8675210161185678, -0.7916380504997395, -0.697994431169138, -0.58911503166566, -0.4677901439150128, -0.3369954238413839, -0.19982224978207122, -0.05942249308523199, 0.08103428292163994, 0.21839817785451687, 0.3495794290984835, 0.47159827400873633, 0.5816458289813567, 0.677152995616253, 0.7558615737246964, 0.8158912087070499, 0.8557969393922069, 0.8746139462652236, 0.8718878181093729, 0.847689875890955, 0.8026178018439507, 0.7377821841858232, 0.6547797866281445, 0.5556545095539311, 0.4428471798844211, 0.31913549605358243, 0.18756564892144648, 0.05137732040672454, -0.0860760862156977, -0.22141001752245876, -0.3512921085765219, -0.4725242366295007, -0.5821212693739439, -0.6773845686813097, -0.7559684399163513, 
2.1362812, -0.84432889236851, -0.9084681526110724, -0.9493861092040321, -0.9665421461746898, -0.9599806013726943, -0.9303172111628625, -0.8787100717210499, -0.8068146436235051, -0.7167231550352583, -0.6108909115663557, -0.49205512146514224, -0.3631543678561097, -0.22725688459393376, -0.08750244442459984, 0.052942927720265556, 0.1909253988679415, 0.32334317884969016, 0.4471945050266858, 0.5596363179868327, 0.6580515622892738, 0.7401198581030077, 0.8038852817105792, 0.8478157932551755, 0.8708505448906203, 0.872433043740543, 0.8525294643346386, 0.8116322166533516, 0.7507493077174487, 0.6713802661396803, 0.5754795649687738, 0.46540864581832314, 0.34387783281975015, 0.21387961834787367, 0.07861498610966892, -0.05858540489121325, -0.19434323126110653, -0.32531569036570923, -0.44827781101890496, -0.5602018628250552, -0.6583319088198365, -0.740251665669343, 
2.1676971, -0.8270816034348885, -0.8956403005625599, -0.9412025178854402, -0.9631109387805583, -0.9612929103330934, -0.9362498892048289, -0.8890314996094124, -0.821193729243014, -0.7347414527529077, -0.6320573602601361, -0.515822279485385, -0.3889345185779162, -0.25443638124636897, -0.11545333245846662, 0.02485385329129247, 0.1633289046384063, 0.29685962285334044, 0.4224242397912867, 0.5371479553948033, 0.6383685134287855, 0.7237061989402609, 0.7911321969890649, 0.8390296909462562, 0.8662435945635314, 0.8721165439705585, 0.8565101802158195, 0.819811666189609, 0.7629258895046294, 0.687254074455234, 0.5946597052029551, 0.48742282964841327, 0.3681839954194647, 0.23987926124224895, 0.10566791255730987, -0.031145326691036816, -0.16719166598712787, -0.2991211985447887, -0.4236853868882658, -0.5378170524638252, -0.6387058996208802, -0.7238677142994416, 
2.1991129999999997, -0.8090180861922142, -0.8819285611370257, -0.9320900744208641, -0.9587292546015347, -0.9616565160225864, -0.9412584934304817, -0.8984751775284957, -0.8347612833162937, -0.752031908050929, -0.6525941787586904, -0.5390692956403352, -0.41431207075940996, -0.28133600871267844, -0.1432499422160471, -0.0032075838586593484, 0.13563389436898354, 0.2701534792103536, 0.39731131640369743, 0.5142032122741, 0.6181244018219891, 0.7066386618379659, 0.7776469973793041, 0.829450192154818, 0.8608008138400763, 0.8709419540891531, 0.8596314529667672, 0.8271513689948511, 0.7743030448416253, 0.702388437465113, 0.6131785790534109, 0.5088702047593217, 0.39203176226525444, 0.26554020807769213, 0.13251018229429767, -0.003782678841367477, -0.13998239812790966, -0.2727352920332565, -0.3987725492195704, -0.5149907193487133, -0.6185281301894692, -0.7068353513637293, 
2.2305289, -0.7901561671210583, -0.8673464661480633, -0.9220577717640964, -0.9534014185654006, -0.961071063738376, -0.9453380979489027, -0.9070318407088929, -0.8475040621587341, -0.7685777831040019, -0.6724817246171382, -0.5617742722640062, -0.439263515735595, -0.30793122112202476, -0.17086715551537335, -0.031216055530136896, 0.10786559872345497, 0.24324956224207958, 0.3718797489650287, 0.4908248331000195, 0.5973401639124113, 0.6889358098347705, 0.7634453302710364, 0.8190895531997152, 0.8545306895030247, 0.8689137260393377, 0.8618935531912444, 0.8336473857892344, 0.7848727096722704, 0.7167713589404154, 0.6310205507357514, 0.5297318796181395, 0.41539945076406787, 0.29083851891520457, 0.15911618745097655, 0.023475893385765556, -0.11274245427060123, -0.24618471325218716, -0.3735650977823076, -0.49174708532288475, -0.597820648021318, -0.6891739071288773, 
2.2619447999999998, -0.7705144606268741, -0.8519084063426623, -0.9111155106408898, -0.9471326892051398, -0.959537134703781, -0.9484846911067973, -0.9146930921568949, -0.8594096178687658, -0.7843630389149484, -0.6917009363145109, -0.5839157627346326, -0.46376566704127725, -0.3341976800447388, -0.19827996863670364, -0.05914627552718418, 0.0800492678727366, 0.21617276953835465, 0.34615371162043884, 0.4670358162730213, 0.576037097749933, 0.6706166806502987, 0.7485434261837832, 0.8079607086139795, 0.8474424622423627, 0.8660371187320751, 0.8632975877608631, 0.8392966192696364, 0.7946276448956632, 0.7303916290867865, 0.6481707123766842, 0.5499896138416619, 0.4382659365348822, 0.31575070528497723, 0.18546065374382215, 0.050603952198807756, -0.08549878473932787, -0.21949626145586998, -0.3480890208762835, -0.46811068781476933, -0.5766059354816313, -0.6709032553073654, 
2.2933606999999996, -0.750112350669856, -0.8356296171995047, -0.8992740897812443, -0.9399292534922898, -0.9570562456040528, -0.9506951798261941, -0.9214514119468754, -0.8704663127263916, -0.7993723547057119, -0.7102333568345984, -0.6054727974506083, -0.48779568617994834, -0.36011127744404653, -0.22546351091831068, -0.08697301414908808, 0.05221015919275244, 0.18894806920523105, 0.320157523204022, 0.44285939534250485, 0.5542368414545507, 0.6517007640702255, 0.7329580770770863, 0.7960772521279402, 0.8395461115166861, 0.8623181874341327, 0.8638454939551055, 0.8440968129678817, 0.8035614397704578, 0.7432388322485618, 0.6646148957187047, 0.5696258335486664, 0.4606106719962382, 0.34025375153495824, 0.21151866405205316, 0.07757529250781063, -0.05827823735170075, -0.19269676611256156, -0.3223704689922008, -0.4441063544270722, -0.5549068859482589, -0.6520437913422186, 
2.3247766, -0.7289699716353439, -0.8185261638935749, -0.8865451952648964, -0.9317982207500808, -0.9536308471817002, -0.9519673929817658, -0.9273001655227392, -0.8806633325704883, -0.8135911463098479, -0.7280611564088211, -0.6264249093274064, -0.5113311084340804, -0.3856481591912269, -0.25239306422345786, -0.1146711135029326, 0.02437352452438433, 0.16160048720273532, 0.2939156324042638, 0.41831902091480827, 0.5319613522321415, 0.6322079795470905, 0.7167066144757142, 0.7834534171177694, 0.8308523396389369, 0.8577637722506434, 0.863540032650911, 0.8480465491653265, 0.8116685144099426, 0.755303353752941, 0.6803396830246761, 0.588623645982674, 0.4824137043067238, 0.36432513562721425, 0.23726568154863417, 0.10436396681665913, -0.03110753137979847, -0.1658130603603894, -0.29643572841627297, -0.41975917734009793, -0.5327467796440215, -0.6326164102634266, 
2.3561924999999997, -0.7071081884636503, -0.8006149254419287, -0.8729413889906321, -0.9227476156530439, -0.9492643218953764, -0.9523000838217527, -0.9322336110145445, -0.8899906991609385, -0.827005583561976, -0.7451671543890265, -0.6467521587436893, -0.5343498686127456, -0.4107847490397976, -0.2790440832170117, -0.14221550364703767, -0.0034354030810790533, 0.1341550946670651, 0.26745260336395815, 0.3934383432126994, 0.5092328859686748, 0.6121586540841008, 0.6998068874899894, 0.7701040565893583, 0.8213725551347034, 0.8523814857283021, 0.8623847805708574, 0.8511452458624434, 0.8189441213610194, 0.7665763858843413, 0.695332417170329, 0.6069668533910745, 0.5036556926419139, 0.3879428493631162, 0.2626775723643502, 0.13094430976305416, -0.00401323174050695, -0.1388719545642712, -0.27031119480509624, -0.39509448755533294, -0.5101492591832368, -0.6126424841395456, 
2.3876083999999995, -0.6845485760589161, -0.781913578046273, -0.8584760962808914, -0.9127863703205615, -0.9439609806469098, -0.9516929314364774, -0.9362469055759861, -0.8984392815316598, -0.8396026066817684, -0.7615348402236164, -0.6664351578727568, -0.5568303266389343, -0.4354977729543872, -0.3053922163815689, -0.16958121956103248, -0.031191423194270776, 0.10663699511743627, 0.24079310162457954, 0.3682411952429511, 0.4860739774174797, 0.5915735004610155, 0.6822772408088117, 0.7560446227694846, 0.8111188554256344, 0.8461796996095824, 0.8603841216023463, 0.8533931528041262, 0.8253843462613042, 0.777049932979677, 0.7095812109131314, 0.6246399661469254, 0.524317924791746, 0.4110854180188757, 0.2877306277641034, 0.15729096228331335, 0.02297827656020527, -0.11190020999951836, -0.24402334675693124, -0.3701378290052856, -0.4871383048576561, -0.5921438391482838, 
2.4190243, -0.6613133979973218, -0.7624405776488017, -0.8431635926339677, -0.9019243155126275, -0.9377260585816402, -0.9501465412785639, -0.9393361107480843, -0.906000806340525, -0.8513699416517467, -0.7771483935152468, -0.6854550943429287, -0.5787512928856988, -0.4597642836912966, -0.3314133276961325, -0.19674341892513975, -0.05886938246762312, 0.07907131145509486, 0.2139618803231509, 0.3427515765192768, 0.46250742098257397, 0.5704735958523084, 0.6641364927392525, 0.74129114637735, 0.8001040088944045, 0.8391675307727928, 0.8575432372037936, 0.8547913465637702, 0.8309861075698686, 0.7867168156360024, 0.7230749553264405, 0.6416282151001667, 0.5443823330627818, 0.4337319193734498, 0.3124015858150579, 0.18337889537947136, 0.04984081370482689, -0.08492451268757363, -0.21759871940544867, -0.34491493255561473, -0.463738209687182, -0.5711427322901583, 
2.4504401999999996, -0.6374255845556643, -0.7422151417185057, -0.8270189896369344, -0.8901721709368956, -0.9305657099678376, -0.9476624447391792, -0.9414981968541802, -0.9126678672220369, -0.8622961145895024, -0.7919927031425468, -0.7037937541773923, -0.6000920531771448, -0.4835616855301771, -0.3570835188951653, -0.2236774006793383, -0.08644418975912645, 0.05148317267055126, 0.1869837665495397, 0.3169936372800516, 0.43855625208991456, 0.5488803608783615, 0.6454039133618636, 0.7258602156497306, 0.7883414363909936, 0.8313548263971151, 0.8538680959175934, 0.8553417246917748, 0.8357471553686489, 0.7955706740227756, 0.7358033273883529, 0.6579175631454214, 0.5638315094702588, 0.4558620021113162, 0.33666765252673625, 0.20918343346658866, 0.07654843003975578, -0.057971447409093525, -0.19106387806187367, -0.31945168992558154, -0.43997355426086854, -0.5496618277695631, 
2.4818561, -0.6129087100819778, -0.7212572302859374, -0.8100582200532487, -0.8775415346769033, -0.9224870021616492, -0.9442430977849109, -0.94273104643118, -0.9184339331484656, -0.8723704651160092, -0.8060533854319379, -0.7214335439704233, -0.6208323933771943, -0.5068677590595706, -0.3823791522221677, -0.2503586243225037, -0.11389083194316882, 0.02389770018461572, 0.159883647773742, 0.2909916631339492, 0.41424372912794194, 0.526815539120672, 0.6260992028651632, 0.7097689551921572, 0.7758451922427411, 0.8227521483958908, 0.8493654420134977, 0.8550469989369386, 0.839666069233274, 0.8036059702919502, 0.7477567967152374, 0.6734947159940077, 0.5826487202052913, 0.47745590358310475, 0.3605065224436522, 0.23468027727861818, 0.10307543072512236, -0.031067471919323665, -0.16444539193131763, -0.29377412755283994, -0.4158691813938111, -0.5277241730678242, 
2.5132719999999997, -0.58778696973054, -0.6995875262451454, -0.7922980220997864, -0.8640448717521724, -0.9134979086647, -0.9398918786602586, -0.9430334567019262, -0.9232933558050085, -0.8815831587225005, -0.8193168013687522, -0.7383575122627262, -0.6409526234958401, -0.5296606859230953, -0.40727687358964826, -0.2767627299024365, -0.1411843904190358, -0.0036600062409411875, 0.13268645825591674, 0.26477006006190773, 0.38959331592914337, 0.504301177122126, 0.606242470116265, 0.6930350047267584, 0.7626299448326243, 0.8133707571652609, 0.8440427832899764, 0.8539106875522504, 0.8427422551740069, 0.810817990080215, 0.75892663143058, 0.6883471321382536, 0.6008179193630346, 0.49849446690754207, 0.38389639867154274, 0.259845526311625, 0.12939640003582153, -0.004238891390434457, -0.13776980792891882, -0.2679083804285355, -0.3914501706256169, -0.5053531747330215, 
2.5446878999999996, -0.5620851555842143, -0.6772274149422244, -0.7737559229288582, -0.8496955018216952, -0.9036073012821945, -0.9346130846611469, -0.9424051410935926, -0.927241375984392, -0.8899251981390021, -0.8317700728395019, -0.7545493700839314, -0.6604336012492174, -0.5519190734376443, -0.43175363605633765, -0.30286555863987885, -0.16830005831571593, -0.031164883076560113, 0.10541716535654516, 0.23835333970070954, 0.3646286647556962, 0.48135960488352947, 0.5858542115174372, 0.6756764978046597, 0.7487109568114511, 0.8032225946987336, 0.8379083780650333, 0.8519371066997956, 0.8449759416496556, 0.8172028430989734, 0.769304903160507, 0.7024630319967189, 0.6183237619180785, 0.5189591573986406, 0.4068160123187426, 0.2846557007836085, 0.15548622529098222, 0.022488166894816742, -0.11106362462122195, -0.24188066592861215, -0.3667418125862006, -0.4825725739115406, 
2.5761038, -0.5358286321876997, -0.6541989630706224, -0.7544502213315314, -0.8345075860431278, -0.8928249413900946, -0.9284119279853564, -0.9408467298071035, -0.9302741290062322, -0.8973884337080801, -0.8434010978994019, -0.7699935106350455, -0.6792567550161601, -0.5736219789999589, -0.45578672353259897, -0.3286431741231706, -0.1952131583805485, -0.058591918124391275, 0.07810075566992411, 0.21176610483187666, 0.3393735997446989, 0.4580134168579628, 0.5649552901906557, 0.6577120405472152, 0.7341040650100927, 0.7923202671212771, 0.8309712213917734, 0.8491313609728431, 0.8463681746596836, 0.8227574628091099, 0.7788844911482004, 0.7158314062294765, 0.6351516159338065, 0.5388320783025282, 0.4292446413347222, 0.30908776309063535, 0.18132012038950748, 0.049087778574049834, -0.08435326631801421, -0.21571725766713412, -0.3417695832546829, -0.4594064216464726, 
2.6075196999999997, -0.5090433115158306, -0.6305248968940379, -0.7343999696793496, -0.8184961131008085, -0.8811614703207012, -0.9212945306663041, -0.9383597694427541, -0.9323886491664064, -0.9039655727677105, -0.8541985650611376, -0.7846750280879168, -0.6974041061399372, -0.5947489342031992, -0.479353774626071, -0.3540718840050563, -0.22189916152907294, -0.08591616617562273, 0.05076222091106103, 0.18503303499948615, 0.31385210076213443, 0.43428545343531005, 0.5435669155241172, 0.6391606904759033, 0.7188256601175173, 0.7806770266990403, 0.8232410305376742, 0.8454993330566292, 0.8469208119223155, 0.8274796051792246, 0.7876590854803822, 0.7284420232132213, 0.6512875739929406, 0.5580959858287838, 0.4511621287282834, 0.3331191387394527, 0.20687364892973306, 0.07553424693714136, -0.057665057339601394, -0.18944445939731014, -0.31655911813717313, -0.43587905396811466, 
2.6389356, -0.48175562740162653, -0.6062285798183964, -0.7136249551222873, -0.8016768844165167, -0.8686283988767227, -0.9132679185971835, -0.9349467216874641, -0.933582873221676, -0.9096501880474497, -0.8641519666024522, -0.7985797354825609, -0.7148582905295331, -0.6152799685905468, -0.5024328065414966, -0.3791282621292592, -0.2483337060242696, -0.11311276524631277, 0.023426543493724278, 0.15817887218180113, 0.28808828760960475, 0.4101987829006749, 0.5217106231063557, 0.6200419354855461, 0.7028926661891944, 0.7683067533827357, 0.8147282297699474, 0.8410476725528382, 0.8466365161491782, 0.8313678465278428, 0.7956231894201506, 0.7402854356666535, 0.6667184638369967, 0.5767343034616151, 0.47254890014838347, 0.35672773673721886, 0.232122746891677, 0.1018021273356597, -0.03102519648425284, -0.1630885789857684, -0.2911361863892005, -0.41201506680192634, 
2.6703514999999998, -0.4539925094493377, -0.5813339893350424, -0.6921456800615091, -0.7840664985576709, -0.8552380959846815, -0.9043400146530913, -0.930610961069408, -0.9338556429148336, -0.9144367250822949, -0.8732516108914516, -0.8116941817065392, -0.7316025795201386, -0.635195632978344, -0.5250022389513066, -0.4037891710117067, -0.2744926172452675, -0.14015695340190412, -0.0038813182542831344, 0.13122840644418576, 0.26210640452404405, 0.3857766838424609, 0.4994082550652196, 0.6003756730097081, 0.6863225200484647, 0.7552239359440275, 0.8054439344925051, 0.8357837839962601, 0.8455187474299102, 0.8344215804521099, 0.802772120841689, 0.7513529864173529, 0.6814318582029281, 0.5947311355366914, 0.4933859808110298, 0.3798919694194518, 0.25704374486078535, 0.12786625124686316, -0.0044597317202703275, -0.1366759024854653, -0.2655266649085141, -0.38783929071938117, 
2.7017673999999996, -0.425781356458219, -0.5558656933579015, -0.6699833419162158, -0.7656823348584385, -0.8410037764992794, -0.8945196309194093, -0.9253567717861446, -0.9332067065457484, -0.9183205086488027, -0.8814886337296203, -0.8240056675435217, -0.7476208999574188, -0.6544770222867029, -0.547040917756714, -0.42803178459962665, -0.30035192799855537, -0.1670240861705768, -0.03113644528380733, 0.10420646150449198, 0.2359308049080724, 0.3610426279787775, 0.47668194082066784, 0.5801821894208103, 0.6691331506407134, 0.741443652764915, 0.7953999347828096, 0.8297158140955091, 0.8435717547431801, 0.83664101384767, 0.8091020127637732, 0.7616368133022201, 0.695416083845813, 0.6120712800699387, 0.5136550117561621, 0.4025907716977674, 0.28161338977251865, 0.15370174996964758, 0.022005464873156372, -0.1102326683324263, -0.23975651242390436, -0.36337676555720777, 
2.7331833, -0.39715000938326983, -0.529848825977965, -0.6471598122045529, -0.746542536269994, -0.8259394881711112, -0.8838164600353834, -0.9191893436127976, -0.9316367195938277, -0.9212977482281918, -0.8888550087134568, -0.8355022607807414, -0.7628978534746393, -0.6731057978208461, -0.5685281386627118, -0.45183361123104415, -0.3258878993187696, -0.1936896545361725, -0.058313973461161225, 0.07713788014683212, 0.2095859362273563, 0.3360202633646365, 0.45355407825228977, 0.5594821397007819, 0.6513429583967328, 0.7269815523400747, 0.7846086783792307, 0.8228526382329692, 0.8408005666136459, 0.838027162026772, 0.8146098129805526, 0.7711298531945308, 0.7086602297370944, 0.6287402408251136, 0.5333382654189175, 0.42480361970944636, 0.3058088661575684, 0.1792840779302218, 0.04834472189245462, -0.08378504169130976, -0.21385174360560874, -0.3386527149305471, 
2.7645991999999997, -0.36812672385962036, -0.503309062659026, -0.6236976149592353, -0.7266659914569058, -0.8100600977908877, -0.8722410656625289, -0.9121147668973147, -0.9291472443976216, -0.923365542501319, -0.8953435566164037, -0.8461728103672845, -0.7774187349358598, -0.6910642089516048, -0.5894436704943387, -0.4751725167173777, -0.3510770417012245, -0.22012930349269194, -0.08538910967616349, 0.05004750942523345, 0.18309632501125145, 0.31073339793718047, 0.4300473152747591, 0.5382965274110835, 0.6329707946575427, 0.7118538335514063, 0.7730832531713995, 0.8152038462622214, 0.8372109809375106, 0.8385818429441467, 0.8192932827897964, 0.7798258451517351, 0.7211541544285817, 0.6447242386075097, 0.5524186605001568, 0.44651054885134056, 0.329607816867944, 0.20458903557569114, 0.07453259310000805, -0.05735908897455688, -0.18783840322274895, -0.3136925206655594, 
2.7960150999999995, -0.33874014231767574, -0.47627259489914486, -0.5996199044991934, -0.7060723161573716, -0.7933812765240913, -0.8598048720882007, -0.9041400266503575, -0.9257407488975603, -0.9245218828805795, -0.9009479537933868, -0.8560069596171084, -0.7911695500221447, -0.7083351141484558, -0.6097677781857919, -0.49802674747276987, -0.37589613670445515, -0.24631885113439844, -0.11233714843946918, 0.022960185604954064, 0.15648656189404786, 0.28520598335199465, 0.40618453180724334, 0.5166466849838186, 0.6140359412082509, 0.6960772257726335, 0.7608373692474009, 0.806779727644057, 0.8328095540024527, 0.8383076705428195, 0.8231509948206664, 0.7877193326793474, 0.7328884925732123, 0.6600102217717241, 0.5708797761216273, 0.4676921711811038, 0.3529883632646233, 0.22959279183414172, 0.10054388159514467, -0.030980752559643897, -0.16174254037311053, -0.2885216971769973, 
2.827431, -0.3090192657165443, -0.448766104382851, -0.5749504425791837, -0.684781833825736, -0.7759194844507473, -0.8465201529753787, -0.8952729957379262, -0.9214206044481198, -0.9247656560839757, -0.9056627396108253, -0.8649951584523641, -0.8041370319411375, -0.7249020013231936, -0.6294812453783246, -0.5203749536153742, -0.4003222588581181, -0.2722343082484098, -0.13913348897845504, -0.004099281203930584, 0.1297812866362291, 0.2594620990604053, 0.3819888221161936, 0.49455425434850353, 0.5945580899633645, 0.679668968859757, 0.7478853405524474, 0.7975912559647258, 0.8276035887307736, 0.8372080472347462, 0.8261823299650971, 0.7948056651076112, 0.7438546605944393, 0.6745858759320217, 0.5887058652516467, 0.4883296921692085, 0.3759291248479194, 0.25427190612023803, 0.1263536636429441, -0.004675825728686182, -0.1355901828104172, -0.26316586581622, 
2.8588468999999996, -0.27899342492364193, -0.4208167366495897, -0.5497135749399171, -0.6628155555764256, -0.7576919543257451, -0.8324000192704525, -0.8855224271854167, -0.9161910827060811, -0.9240966457568045, -0.9094833229054554, -0.8731286746840563, -0.8163086572433829, -0.7407490074467824, -0.6485653965672984, -0.5421962119679643, -0.42433279780956934, -0.2978518983703514, -0.16575365283244597, -0.031106122758835477, 0.10300517306819716, 0.23352593657557005, 0.35748347750503595, 0.47204116790204154, 0.5745573228403923, 0.6626467930804785, 0.7342420662139093, 0.7876500728822701, 0.821601122177564, 0.8352871555339516, 0.828387473419027, 0.8010809980791084, 0.7540448614970736, 0.6884396328645052, 0.6058818673877217, 0.5084049267856962, 0.3984092383121772, 0.2786033498657743, 0.1519373121384029, 0.021530072145639876, -0.109407311394071, -0.23765072921505942, 
2.8902627999999995, -0.24869225176871326, -0.39245207430440016, -0.5239342072818516, -0.6401951594491239, -0.7387166745758812, -0.817458406281511, -0.8748979456024238, -0.9100573516019482, -0.9225155331466598, -0.9124059874757252, -0.8803996043283361, -0.8276726607315176, -0.7558609374061025, -0.6670021187431951, -0.5634700488878311, -0.44790548064124835, -0.323148078258195, -0.19217330194002707, -0.05803562877355758, 0.07618291390279064, 0.20742178387409546, 0.3326919693191428, 0.44912962982264043, 0.5540540918527221, 0.6450288990324612, 0.7199230115872232, 0.7769684715485979, 0.8148109123185052, 0.8325499488626741, 0.8297674098420119, 0.8065422931470921, 0.7634520888134806, 0.7015606785910189, 0.6223934204830783, 0.5279003149061012, 0.420408376006881, 0.30256452755505486, 0.17727051968387716, 0.04761152014419248, -0.08321983468612883, -0.21200204565086173, 
2.9216786999999997, -0.21814564980084397, -0.36370010979726275, -0.4976377806863613, -0.6169429690156694, -0.7190123715505298, -0.801710059940385, -0.8634100377382413, -0.9030254704020434, -0.9200238968377175, -0.9144278966099121, -0.886800880957814, -0.8382180494508813, -0.7702232820711855, -0.6847738824757766, -0.5841764628589039, -0.4710183942905649, -0.3480995587348057, -0.21836825720366065, -0.08486316340685147, 0.049339205367521, 0.1811740098798345, 0.30763793223013336, 0.4258420977219409, 0.5330691994467058, 0.6268339375965134, 0.7049441890762708, 0.765559379556323, 0.8072424241645237, 0.8290021415538403, 0.8303239176461443, 0.8111873164860761, 0.7720701296802029, 0.7139389606355112, 0.6382268721046664, 0.5467989360214967, 0.44190676378672505, 0.3261332972454201, 0.2023293212581127, 0.07354332005212942, -0.057053563720064565, -0.18624560345791513, 
2.9530945999999996, -0.18738376477731933, -0.334589217797979, -0.47085024650854157, -0.5930819313498077, -0.6985984910435576, -0.785170522262414, -0.8510700421786701, -0.895102383869283, -0.9166242115505826, -0.9155470966554732, -0.8923262840882336, -0.8479346157522678, -0.7838222355471247, -0.7018637623948584, -0.6042959467822785, -0.4936500080042327, -0.37268332584595754, -0.24431451750988967, -0.11156418216621332, 0.0224987316126465, 0.1548070489773718, 0.2823451477600736, 0.4022012646235794, 0.5116237791017528, 0.6080809899665519, 0.6893221387803193, 0.7534363414603126, 0.7989058152428836, 0.8246501980759771, 0.8300595624276835, 0.8150146367180897, 0.7798935670413776, 0.7255651944444496, 0.6533692898108354, 0.5650845232381306, 0.46288519823367935, 0.3492879905536811, 0.2270901164555742, 0.09930052029332607, -0.03093418696562577, -0.16040719551034502, 
2.9845105, -0.15643695491344847, -0.3051481271938471, -0.44359804076642906, -0.5686355943815544, -0.6774951791048076, -0.7678561160186428, -0.8378901381954189, -0.8862959155311604, -0.9123198460143227, -0.9157625196344951, -0.8969704466016815, -0.856812949419461, -0.7966447115881533, -0.7182554570253117, -0.6238095099047944, -0.5157791957598419, -0.3968766622776126, -0.2699882791771032, -0.13811424923494858, -0.004313851143125463, 0.12834538550442673, 0.2568375280035332, 0.3782300412508782, 0.4897392762061181, 0.588789547793592, 0.6730739090175658, 0.7406135009243139, 0.7898119204863694, 0.8195013215093584, 0.8289776895573422, 0.8180236218600084, 0.78691778097672, 0.7364308689638351, 0.6678084707375582, 0.5827414765526716, 0.4833250632345696, 0.37200743208968073, 0.2515296912751956, 0.1248584395257757, -0.0048872455138354, -0.13451259380140118, 
3.0159263999999997, -0.12533576092272522, -0.2754058927377674, -0.41590805805191267, -0.5436280836585293, -0.655723262160157, -0.7497839286358757, -0.8238833337600637, -0.8766147600640121, -0.9071150599176903, -0.9150739849104605, -0.9007288612082441, -0.8648444488559051, -0.8086783591544149, -0.73393330793788, -0.6426986993288979, -0.5373852585888323, -0.42065716897405847, -0.2953659557972051, -0.1644890552233795, -0.03107393076149009, 0.10181353817491628, 0.23113909950371192, 0.3539515386014092, 0.46743742921507014, 0.5689794934760972, 0.6562170367727711, 0.7271055825429643, 0.7799722365739583, 0.8135634413047605, 0.8270824159477455, 0.8202144353994751, 0.7931389491533777, 0.7465282513664121, 0.6815329503828136, 0.5997548753896489, 0.50320834589819, 0.3942709583186585, 0.27562523943809264, 0.15019268987565967, 0.02106189149408682, -0.10858752414388803, 
3.0473422999999995, -0.09411087587687883, -0.24539186637475896, -0.3878076249890836, -0.518084078537206, -0.6333042264598314, -0.730971795340732, -0.8090634527352262, -0.8660684748032224, -0.9010149999469547, -0.9134821999119065, -0.9035978859486874, -0.8720213313263728, -0.819911577094713, -0.748882318181187, -0.6609456210506943, -0.5584479467368455, -0.4440027868970132, -0.32042419843257575, -0.19066443533814462, -0.05775695565386797, 0.07523604438763501, 0.2052739872379528, 0.32938905078186975, 0.44474025109233795, 0.5486710806238918, 0.6387695281134363, 0.7129278733889257, 0.7693989057677595, 0.8068452003586001, 0.8243786210191485, 0.8215880315091292, 0.7985540464025972, 0.7558503909238052, 0.6945320105795333, 0.6161104903882818, 0.5225176517964818, 0.4160584358345648, 0.2993543832142058, 0.17527919978814627, 0.04688805117040139, -0.08265764101629305, 
3.0787582, -0.06279311491557042, -0.21513566827518293, -0.3593244732662187, -0.49202878782758147, -0.6102601968753063, -0.7114382815645519, -0.7934451212563274, -0.8546674703896231, -0.8940256949182082, -0.9109887599189161, -0.9055747487413313, -0.8783366422508357, -0.830333527941045, -0.7630881699638922, -0.6785329604767929, -0.5789474815996153, -0.46689181886497966, -0.34513991612546324, -0.21661638795703084, -0.0843384515907233, 0.04863744437933441, 0.17926639866788924, 0.30456603807308635, 0.4216700110302443, 0.527884914717581, 0.6207498386155275, 0.6980962043338278, 0.7581046992919928, 0.799355941440432, 0.8208719368870389, 0.8221461494111331, 0.8031608434239036, 0.7643911220195636, 0.7067956866483877, 0.6317947944265321, 0.5412362195148418, 0.43735027902694823, 0.3226951937382776, 0.20009423647335817, 0.07256628089395037, -0.05674850257895417, 
3.1101740999999996, -0.03141338483562309, -0.18466715760326044, -0.3304867122680115, -0.46548792491530894, -0.5866139150657613, -0.6912026646267028, -0.7770437533179723, -0.8424230005629639, -0.8861540500124911, -0.9075961469187745, -0.9066575509768482, -0.8837842635489348, -0.8399341508030032, -0.7765372415593227, -0.6954440023742128, -0.5988645773750508, -0.4893029514119068, -0.3694902966733665, -0.24232109359071732, -0.11079403886398481, 0.02204226518532287, 0.15314060781017827, 0.2795061101920469, 0.3982492164388127, 0.5066419339801137, 0.6021768538359382, 0.6826269311901677, 0.7461030003003598, 0.7911056930107442, 0.8165687377977174, 0.8218913069063142, 0.8069579046213495, 0.7721450663004316, 0.7183147737226229, 0.6467949728709032, 0.5593479344971799, 0.45812746712452695, 0.34562621079601175, 0.22461442792634206, 0.09807187200983193, -0.03088554588437326, 